treatment,plot.no,sample.id,total.bac
innoculation,102,102-1,0
innoculation,102,102-1,0
innoculation,102,102-1,0
innoculation,102,102-1,0
innoculation,102,102-1,0
innoculation,102,102-1,0
innoculation,102,102-1,0
innoculation,102,102-1,0
innoculation,102,102-1,0
innoculation,102,102-1,0
innoculation,102,102-1,0
innoculation,102,102-1,0
innoculation,102,102-1,0
innoculation,102,102-1,0
innoculation,102,102-1,1
innoculation,102,102-1,0
innoculation,102,102-2,0
innoculation,102,102-2,0
innoculation,102,102-2,0
innoculation,102,102-2,0
innoculation,102,102-2,0
innoculation,102,102-2,1
innoculation,102,102-2,0
innoculation,102,102-2,0
innoculation,102,102-2,0
innoculation,102,102-2,0
innoculation,102,102-2,0
innoculation,102,102-2,0
innoculation,102,102-2,0
innoculation,102,102-2,0
innoculation,102,102-2,0
innoculation,102,102-2,0
innoculation,102,102-3,0
innoculation,102,102-3,0
innoculation,102,102-3,0
innoculation,102,102-3,0
innoculation,102,102-3,1
innoculation,102,102-3,1
innoculation,102,102-3,0
innoculation,102,102-3,0
innoculation,102,102-3,0
innoculation,102,102-3,0
innoculation,102,102-3,0
innoculation,102,102-3,0
innoculation,102,102-3,0
innoculation,102,102-3,0
innoculation,102,102-3,1
innoculation,102,102-3,1
innoculation,102,102-3,0
innoculation,102,102-4,0
innoculation,102,102-4,0
innoculation,102,102-4,0
innoculation,102,102-4,1
innoculation,102,102-4,0
innoculation,102,102-4,0
innoculation,102,102-4,0
innoculation,102,102-4,0
innoculation,102,102-4,0
innoculation,102,102-4,0
innoculation,102,102-4,0
innoculation,102,102-4,0
innoculation,102,102-4,0
innoculation,102,102-4,0
innoculation,102,102-4,0
innoculation,102,102-4,0
innoculation,102,102-5,0
innoculation,102,102-5,0
innoculation,102,102-5,0
innoculation,102,102-5,0
innoculation,102,102-5,0
innoculation,102,102-5,0
innoculation,102,102-5,0
innoculation,102,102-5,0
innoculation,102,102-5,0
innoculation,102,102-5,0
innoculation,102,102-5,0
innoculation,102,102-5,0
innoculation,102,102-5,0
innoculation,102,102-5,0
innoculation,102,102-5,1
innoculation,102,102-5,0
innoculation,102,102-6,0
innoculation,102,102-6,0
innoculation,102,102-6,0
innoculation,102,102-6,1
innoculation,102,102-6,0
innoculation,102,102-6,0
innoculation,102,102-6,0
innoculation,102,102-6,0
innoculation,102,102-6,0
innoculation,102,102-6,1
innoculation,102,102-6,0
innoculation,102,102-6,0
innoculation,102,102-6,0
innoculation,102,102-6,1
innoculation,102,102-6,0
innoculation,102,102-6,0
innoculation,102,102-7,0
innoculation,102,102-7,0
innoculation,102,102-7,0
innoculation,102,102-7,0
innoculation,102,102-7,0
innoculation,102,102-7,0
innoculation,102,102-7,0
innoculation,102,102-7,0
innoculation,102,102-7,0
innoculation,102,102-7,0
innoculation,102,102-7,0
innoculation,102,102-7,0
innoculation,102,102-7,0
innoculation,102,102-7,0
innoculation,102,102-7,0
innoculation,102,102-7,0
fungicide,106,106-1,0
fungicide,106,106-1,0
fungicide,106,106-1,0
fungicide,106,106-1,0
fungicide,106,106-1,1
fungicide,106,106-1,1
fungicide,106,106-1,0
fungicide,106,106-1,0
fungicide,106,106-1,0
fungicide,106,106-1,0
fungicide,106,106-1,1
fungicide,106,106-1,1
fungicide,106,106-1,0
fungicide,106,106-1,1
fungicide,106,106-1,0
fungicide,106,106-1,1
fungicide,106,106-2,0
fungicide,106,106-2,0
fungicide,106,106-2,1
fungicide,106,106-2,0
fungicide,106,106-2,0
fungicide,106,106-2,1
fungicide,106,106-2,0
fungicide,106,106-2,0
fungicide,106,106-2,0
fungicide,106,106-2,0
fungicide,106,106-2,0
fungicide,106,106-2,0
fungicide,106,106-2,0
fungicide,106,106-2,1
fungicide,106,106-2,0
fungicide,106,106-2,1
fungicide,106,106-3,0
fungicide,106,106-3,0
fungicide,106,106-3,1
fungicide,106,106-3,0
fungicide,106,106-3,0
fungicide,106,106-3,0
fungicide,106,106-3,0
fungicide,106,106-3,0
fungicide,106,106-3,0
fungicide,106,106-3,0
fungicide,106,106-3,0
fungicide,106,106-3,1
fungicide,106,106-3,0
fungicide,106,106-3,1
fungicide,106,106-3,0
fungicide,106,106-3,0
fungicide,106,106-4,0
fungicide,106,106-4,0
fungicide,106,106-4,0
fungicide,106,106-4,1
fungicide,106,106-4,1
fungicide,106,106-4,0
fungicide,106,106-4,1
fungicide,106,106-4,0
fungicide,106,106-4,1
fungicide,106,106-4,0
fungicide,106,106-4,1
fungicide,106,106-4,1
fungicide,106,106-4,0
fungicide,106,106-4,1
fungicide,106,106-4,0
fungicide,106,106-4,1
fungicide,106,106-5,0
fungicide,106,106-5,0
fungicide,106,106-5,0
fungicide,106,106-5,1
fungicide,106,106-5,1
fungicide,106,106-5,1
fungicide,106,106-5,1
fungicide,106,106-5,1
fungicide,106,106-5,1
fungicide,106,106-5,1
fungicide,106,106-5,1
fungicide,106,106-5,2
fungicide,106,106-5,0
fungicide,106,106-5,1
fungicide,106,106-5,0
fungicide,106,106-5,0
fungicide,106,106-6,0
fungicide,106,106-6,0
fungicide,106,106-6,1
fungicide,106,106-6,0
fungicide,106,106-6,1
fungicide,106,106-6,1
fungicide,106,106-6,1
fungicide,106,106-6,0
fungicide,106,106-6,1
fungicide,106,106-6,0
fungicide,106,106-6,0
fungicide,106,106-6,0
fungicide,106,106-6,0
fungicide,106,106-6,0
fungicide,106,106-6,0
fungicide,106,106-6,0
fungicide,106,106-7,1
fungicide,106,106-7,0
fungicide,106,106-7,0
fungicide,106,106-7,1
fungicide,106,106-7,1
fungicide,106,106-7,1
fungicide,106,106-7,0
fungicide,106,106-7,0
fungicide,106,106-7,0
fungicide,106,106-7,0
fungicide,106,106-7,0
fungicide,106,106-7,1
fungicide,106,106-7,0
fungicide,106,106-7,0
fungicide,106,106-7,0
fungicide,106,106-7,0
natural,109,109-1,0
natural,109,109-1,0
natural,109,109-1,0
natural,109,109-1,0
natural,109,109-1,0
natural,109,109-1,0
natural,109,109-1,0
natural,109,109-1,0
natural,109,109-1,0
natural,109,109-1,0
natural,109,109-1,0
natural,109,109-1,1
natural,109,109-1,0
natural,109,109-1,0
natural,109,109-1,0
natural,109,109-1,0
natural,109,109-2,0
natural,109,109-2,0
natural,109,109-2,0
natural,109,109-2,0
natural,109,109-2,0
natural,109,109-2,0
natural,109,109-2,0
natural,109,109-2,0
natural,109,109-2,0
natural,109,109-2,0
natural,109,109-2,0
natural,109,109-2,0
natural,109,109-2,0
natural,109,109-2,0
natural,109,109-2,0
natural,109,109-2,0
natural,109,109-2,1
natural,109,109-2,0
natural,109,109-2,0
natural,109,109-2,0
natural,109,109-3,0
natural,109,109-3,0
natural,109,109-3,0
natural,109,109-3,0
natural,109,109-3,0
natural,109,109-3,1
natural,109,109-3,0
natural,109,109-3,0
natural,109,109-3,1
natural,109,109-3,0
natural,109,109-3,0
natural,109,109-3,0
natural,109,109-3,0
natural,109,109-3,0
natural,109,109-3,1
natural,109,109-3,0
natural,109,109-3,1
natural,109,109-4,0
natural,109,109-4,0
natural,109,109-4,0
natural,109,109-4,0
natural,109,109-4,0
natural,109,109-4,0
natural,109,109-4,0
natural,109,109-4,1
natural,109,109-4,0
natural,109,109-4,1
natural,109,109-4,0
natural,109,109-4,0
natural,109,109-4,1
natural,109,109-4,0
natural,109,109-4,0
natural,109,109-4,0
natural,109,109-5,0
natural,109,109-5,1
natural,109,109-5,1
natural,109,109-5,0
natural,109,109-5,0
natural,109,109-5,1
natural,109,109-5,1
natural,109,109-5,0
natural,109,109-5,0
natural,109,109-5,0
natural,109,109-5,0
natural,109,109-5,0
natural,109,109-5,0
natural,109,109-5,0
natural,109,109-5,0
natural,109,109-5,0
natural,109,109-5,0
natural,109,109-5,0
natural,109,109-6,0
natural,109,109-6,0
natural,109,109-6,0
natural,109,109-6,1
natural,109,109-6,1
natural,109,109-6,0
natural,109,109-6,0
natural,109,109-6,0
natural,109,109-6,0
natural,109,109-6,0
natural,109,109-6,1
natural,109,109-6,0
natural,109,109-6,0
natural,109,109-6,1
natural,109,109-6,0
natural,109,109-6,0
natural,109,109-7,0
natural,109,109-7,0
natural,109,109-7,0
natural,109,109-7,1
natural,109,109-7,0
natural,109,109-7,0
natural,109,109-7,0
natural,109,109-7,0
natural,109,109-7,0
natural,109,109-7,0
natural,109,109-7,0
natural,109,109-7,0
natural,109,109-7,0
natural,109,109-7,0
natural,109,109-7,0
natural,109,109-7,0
fungicide,203,203-1,1
fungicide,203,203-1,1
fungicide,203,203-1,1
fungicide,203,203-1,0
fungicide,203,203-1,1
fungicide,203,203-1,1
fungicide,203,203-1,1
fungicide,203,203-1,1
fungicide,203,203-1,0
fungicide,203,203-1,1
fungicide,203,203-1,0
fungicide,203,203-1,1
fungicide,203,203-1,1
fungicide,203,203-1,0
fungicide,203,203-1,0
fungicide,203,203-1,0
fungicide,203,203-2,0
fungicide,203,203-2,0
fungicide,203,203-2,0
fungicide,203,203-2,1
fungicide,203,203-2,1
fungicide,203,203-2,0
fungicide,203,203-2,1
fungicide,203,203-2,0
fungicide,203,203-2,0
fungicide,203,203-2,1
fungicide,203,203-2,0
fungicide,203,203-2,1
fungicide,203,203-2,0
fungicide,203,203-2,1
fungicide,203,203-2,0
fungicide,203,203-2,0
fungicide,203,203-3,0
fungicide,203,203-3,0
fungicide,203,203-3,0
fungicide,203,203-3,1
fungicide,203,203-3,0
fungicide,203,203-3,0
fungicide,203,203-3,0
fungicide,203,203-3,0
fungicide,203,203-3,0
fungicide,203,203-3,0
fungicide,203,203-3,1
fungicide,203,203-3,0
fungicide,203,203-3,0
fungicide,203,203-3,1
fungicide,203,203-3,0
fungicide,203,203-3,1
fungicide,203,203-4,0
fungicide,203,203-4,0
fungicide,203,203-4,0
fungicide,203,203-4,0
fungicide,203,203-4,0
fungicide,203,203-4,1
fungicide,203,203-4,0
fungicide,203,203-4,1
fungicide,203,203-4,0
fungicide,203,203-4,0
fungicide,203,203-4,0
fungicide,203,203-4,0
fungicide,203,203-4,0
fungicide,203,203-4,0
fungicide,203,203-4,0
fungicide,203,203-4,0
fungicide,203,203-5,0
fungicide,203,203-5,0
fungicide,203,203-5,0
fungicide,203,203-5,0
fungicide,203,203-5,0
fungicide,203,203-5,0
fungicide,203,203-5,1
fungicide,203,203-5,1
fungicide,203,203-5,1
fungicide,203,203-5,1
fungicide,203,203-5,0
fungicide,203,203-5,0
fungicide,203,203-5,0
fungicide,203,203-5,1
fungicide,203,203-5,1
fungicide,203,203-5,1
fungicide,203,203-6,0
fungicide,203,203-6,0
fungicide,203,203-6,0
fungicide,203,203-6,1
fungicide,203,203-6,0
fungicide,203,203-6,1
fungicide,203,203-6,1
fungicide,203,203-6,1
fungicide,203,203-6,1
fungicide,203,203-6,0
fungicide,203,203-6,0
fungicide,203,203-6,1
fungicide,203,203-6,0
fungicide,203,203-6,0
fungicide,203,203-6,0
fungicide,203,203-6,0
fungicide,203,203-7,0
fungicide,203,203-7,0
fungicide,203,203-7,0
fungicide,203,203-7,1
fungicide,203,203-7,1
fungicide,203,203-7,1
fungicide,203,203-7,0
fungicide,203,203-7,1
fungicide,203,203-7,0
fungicide,203,203-7,1
fungicide,203,203-7,1
fungicide,203,203-7,0
fungicide,203,203-7,0
fungicide,203,203-7,1
fungicide,203,203-7,0
fungicide,203,203-7,0
natural,207,207-1,0
natural,207,207-1,1
natural,207,207-1,0
natural,207,207-1,1
natural,207,207-1,1
natural,207,207-1,1
natural,207,207-1,1
natural,207,207-1,0
natural,207,207-1,0
natural,207,207-1,1
natural,207,207-1,0
natural,207,207-1,1
natural,207,207-1,0
natural,207,207-1,1
natural,207,207-1,1
natural,207,207-1,0
natural,207,207-1,0
natural,207,207-2,1
natural,207,207-2,1
natural,207,207-2,0
natural,207,207-2,1
natural,207,207-2,0
natural,207,207-2,0
natural,207,207-2,0
natural,207,207-2,0
natural,207,207-2,0
natural,207,207-2,1
natural,207,207-2,1
natural,207,207-2,0
natural,207,207-2,1
natural,207,207-2,1
natural,207,207-2,1
natural,207,207-2,1
natural,207,207-3,0
natural,207,207-3,1
natural,207,207-3,0
natural,207,207-3,0
natural,207,207-3,0
natural,207,207-3,0
natural,207,207-3,0
natural,207,207-3,0
natural,207,207-3,0
natural,207,207-3,0
natural,207,207-3,0
natural,207,207-3,0
natural,207,207-3,0
natural,207,207-3,1
natural,207,207-3,0
natural,207,207-3,0
natural,207,207-4,1
natural,207,207-4,1
natural,207,207-4,0
natural,207,207-4,1
natural,207,207-4,0
natural,207,207-4,0
natural,207,207-4,0
natural,207,207-4,0
natural,207,207-4,0
natural,207,207-4,0
natural,207,207-4,1
natural,207,207-4,0
natural,207,207-4,1
natural,207,207-4,0
natural,207,207-4,0
natural,207,207-4,1
natural,207,207-5,0
natural,207,207-5,1
natural,207,207-5,0
natural,207,207-5,0
natural,207,207-5,0
natural,207,207-5,0
natural,207,207-5,0
natural,207,207-5,0
natural,207,207-5,0
natural,207,207-5,0
natural,207,207-5,1
natural,207,207-5,0
natural,207,207-5,0
natural,207,207-5,0
natural,207,207-5,1
natural,207,207-5,0
natural,207,207-6,0
natural,207,207-6,0
natural,207,207-6,1
natural,207,207-6,0
natural,207,207-6,0
natural,207,207-6,0
natural,207,207-6,0
natural,207,207-6,0
natural,207,207-6,0
natural,207,207-6,0
natural,207,207-6,0
natural,207,207-6,0
natural,207,207-6,0
natural,207,207-6,1
natural,207,207-6,1
natural,207,207-6,0
natural,207,207-7,0
natural,207,207-7,0
natural,207,207-7,1
natural,207,207-7,1
natural,207,207-7,1
natural,207,207-7,1
natural,207,207-7,0
natural,207,207-7,1
natural,207,207-7,1
natural,207,207-7,0
natural,207,207-7,0
natural,207,207-7,1
natural,207,207-7,0
natural,207,207-7,1
natural,207,207-7,1
natural,207,207-7,0
innoculation,210,210-1,1
innoculation,210,210-1,0
innoculation,210,210-1,1
innoculation,210,210-1,0
innoculation,210,210-1,0
innoculation,210,210-1,0
innoculation,210,210-1,0
innoculation,210,210-1,0
innoculation,210,210-1,1
innoculation,210,210-1,1
innoculation,210,210-1,0
innoculation,210,210-1,0
innoculation,210,210-1,0
innoculation,210,210-1,0
innoculation,210,210-1,0
innoculation,210,210-1,1
innoculation,210,210-2,0
innoculation,210,210-2,0
innoculation,210,210-2,0
innoculation,210,210-2,0
innoculation,210,210-2,0
innoculation,210,210-2,0
innoculation,210,210-2,1
innoculation,210,210-2,0
innoculation,210,210-2,0
innoculation,210,210-2,1
innoculation,210,210-2,1
innoculation,210,210-2,0
innoculation,210,210-2,0
innoculation,210,210-2,0
innoculation,210,210-2,0
innoculation,210,210-2,0
innoculation,210,210-2,0
innoculation,210,210-3,0
innoculation,210,210-3,0
innoculation,210,210-3,0
innoculation,210,210-3,0
innoculation,210,210-3,0
innoculation,210,210-3,0
innoculation,210,210-3,0
innoculation,210,210-3,0
innoculation,210,210-3,0
innoculation,210,210-3,0
innoculation,210,210-3,1
innoculation,210,210-3,0
innoculation,210,210-3,1
innoculation,210,210-3,0
innoculation,210,210-3,0
innoculation,210,210-3,0
innoculation,210,210-4,0
innoculation,210,210-4,0
innoculation,210,210-4,0
innoculation,210,210-4,1
innoculation,210,210-4,0
innoculation,210,210-4,0
innoculation,210,210-4,0
innoculation,210,210-4,0
innoculation,210,210-4,0
innoculation,210,210-4,0
innoculation,210,210-4,0
innoculation,210,210-4,0
innoculation,210,210-4,0
innoculation,210,210-4,0
innoculation,210,210-4,0
innoculation,210,210-4,0
innoculation,210,210-4,1
innoculation,210,210-5,1
innoculation,210,210-5,0
innoculation,210,210-5,1
innoculation,210,210-5,0
innoculation,210,210-5,0
innoculation,210,210-5,1
innoculation,210,210-5,0
innoculation,210,210-5,0
innoculation,210,210-5,0
innoculation,210,210-5,0
innoculation,210,210-5,0
innoculation,210,210-5,1
innoculation,210,210-5,0
innoculation,210,210-5,0
innoculation,210,210-5,0
innoculation,210,210-5,0
innoculation,210,210-5,1
innoculation,210,210-6,1
innoculation,210,210-6,1
innoculation,210,210-6,0
innoculation,210,210-6,0
innoculation,210,210-6,0
innoculation,210,210-6,0
innoculation,210,210-6,0
innoculation,210,210-6,0
innoculation,210,210-6,0
innoculation,210,210-6,0
innoculation,210,210-6,1
innoculation,210,210-6,0
innoculation,210,210-6,0
innoculation,210,210-6,0
innoculation,210,210-6,1
innoculation,210,210-6,0
innoculation,210,210-7,0
innoculation,210,210-7,0
innoculation,210,210-7,0
innoculation,210,210-7,0
innoculation,210,210-7,0
innoculation,210,210-7,0
innoculation,210,210-7,0
innoculation,210,210-7,0
innoculation,210,210-7,0
innoculation,210,210-7,0
innoculation,210,210-7,0
innoculation,210,210-7,0
innoculation,210,210-7,0
innoculation,210,210-7,0
innoculation,210,210-7,1
innoculation,210,210-7,0
fungicide,303,303-1,0
fungicide,303,303-1,0
fungicide,303,303-1,0
fungicide,303,303-1,0
fungicide,303,303-1,0
fungicide,303,303-1,0
fungicide,303,303-1,0
fungicide,303,303-1,0
fungicide,303,303-1,1
fungicide,303,303-1,0
fungicide,303,303-1,0
fungicide,303,303-1,0
fungicide,303,303-1,0
fungicide,303,303-1,0
fungicide,303,303-1,1
fungicide,303,303-1,1
fungicide,303,303-2,1
fungicide,303,303-2,0
fungicide,303,303-2,0
fungicide,303,303-2,0
fungicide,303,303-2,0
fungicide,303,303-2,0
fungicide,303,303-2,0
fungicide,303,303-2,0
fungicide,303,303-2,0
fungicide,303,303-2,0
fungicide,303,303-2,0
fungicide,303,303-2,0
fungicide,303,303-2,0
fungicide,303,303-2,0
fungicide,303,303-2,0
fungicide,303,303-2,0
fungicide,303,303-3,0
fungicide,303,303-3,0
fungicide,303,303-3,0
fungicide,303,303-3,0
fungicide,303,303-3,0
fungicide,303,303-3,0
fungicide,303,303-3,0
fungicide,303,303-3,0
fungicide,303,303-3,0
fungicide,303,303-3,0
fungicide,303,303-3,0
fungicide,303,303-3,0
fungicide,303,303-3,0
fungicide,303,303-3,1
fungicide,303,303-3,0
fungicide,303,303-3,0
fungicide,303,303-4,0
fungicide,303,303-4,1
fungicide,303,303-4,0
fungicide,303,303-4,0
fungicide,303,303-4,0
fungicide,303,303-4,0
fungicide,303,303-4,0
fungicide,303,303-4,0
fungicide,303,303-4,0
fungicide,303,303-4,0
fungicide,303,303-4,0
fungicide,303,303-4,0
fungicide,303,303-4,0
fungicide,303,303-4,1
fungicide,303,303-4,0
fungicide,303,303-4,0
fungicide,303,303-5,0
fungicide,303,303-5,0
fungicide,303,303-5,0
fungicide,303,303-5,0
fungicide,303,303-5,0
fungicide,303,303-5,0
fungicide,303,303-5,1
fungicide,303,303-5,0
fungicide,303,303-5,0
fungicide,303,303-5,0
fungicide,303,303-5,0
fungicide,303,303-5,1
fungicide,303,303-5,0
fungicide,303,303-5,1
fungicide,303,303-5,0
fungicide,303,303-5,0
fungicide,303,303-6,0
fungicide,303,303-6,1
fungicide,303,303-6,0
fungicide,303,303-6,1
fungicide,303,303-6,0
fungicide,303,303-6,1
fungicide,303,303-6,0
fungicide,303,303-6,0
fungicide,303,303-6,1
fungicide,303,303-6,1
fungicide,303,303-6,0
fungicide,303,303-6,1
fungicide,303,303-6,0
fungicide,303,303-6,1
fungicide,303,303-6,1
fungicide,303,303-6,0
fungicide,303,303-7,0
fungicide,303,303-7,1
fungicide,303,303-7,0
fungicide,303,303-7,1
fungicide,303,303-7,0
fungicide,303,303-7,0
fungicide,303,303-7,0
fungicide,303,303-7,0
fungicide,303,303-7,0
fungicide,303,303-7,0
fungicide,303,303-7,0
fungicide,303,303-7,0
fungicide,303,303-7,1
fungicide,303,303-7,0
fungicide,303,303-7,0
fungicide,303,303-7,0
natural,308,308-1,0
natural,308,308-1,0
natural,308,308-1,0
natural,308,308-1,0
natural,308,308-1,0
natural,308,308-1,1
natural,308,308-1,1
natural,308,308-1,0
natural,308,308-1,0
natural,308,308-1,0
natural,308,308-1,1
natural,308,308-1,0
natural,308,308-1,0
natural,308,308-1,0
natural,308,308-1,0
natural,308,308-1,0
natural,308,308-2,1
natural,308,308-2,0
natural,308,308-2,0
natural,308,308-2,0
natural,308,308-2,0
natural,308,308-2,0
natural,308,308-2,0
natural,308,308-2,0
natural,308,308-2,0
natural,308,308-2,0
natural,308,308-2,0
natural,308,308-2,0
natural,308,308-2,0
natural,308,308-2,1
natural,308,308-2,0
natural,308,308-2,0
natural,308,308-3,0
natural,308,308-3,0
natural,308,308-3,0
natural,308,308-3,0
natural,308,308-3,0
natural,308,308-3,0
natural,308,308-3,0
natural,308,308-3,0
natural,308,308-3,0
natural,308,308-3,0
natural,308,308-3,0
natural,308,308-3,0
natural,308,308-3,0
natural,308,308-3,0
natural,308,308-3,0
natural,308,308-3,0
natural,308,308-4,1
natural,308,308-4,1
natural,308,308-4,0
natural,308,308-4,1
natural,308,308-4,0
natural,308,308-4,1
natural,308,308-4,0
natural,308,308-4,1
natural,308,308-4,1
natural,308,308-4,0
natural,308,308-4,1
natural,308,308-4,1
natural,308,308-4,1
natural,308,308-4,1
natural,308,308-4,1
natural,308,308-4,0
natural,308,308-5,0
natural,308,308-5,0
natural,308,308-5,1
natural,308,308-5,0
natural,308,308-5,0
natural,308,308-5,0
natural,308,308-5,0
natural,308,308-5,0
natural,308,308-5,0
natural,308,308-5,0
natural,308,308-5,0
natural,308,308-5,0
natural,308,308-5,1
natural,308,308-5,0
natural,308,308-5,0
natural,308,308-5,0
natural,308,308-5,0
natural,308,308-6,0
natural,308,308-6,0
natural,308,308-6,0
natural,308,308-6,0
natural,308,308-6,0
natural,308,308-6,0
natural,308,308-6,0
natural,308,308-6,0
natural,308,308-6,0
natural,308,308-6,0
natural,308,308-6,0
natural,308,308-6,1
natural,308,308-6,0
natural,308,308-6,0
natural,308,308-6,0
natural,308,308-6,1
natural,,308-6,0
natural,308,308-7,0
natural,308,308-7,0
natural,308,308-7,0
natural,308,308-7,0
natural,308,308-7,0
natural,308,308-7,0
natural,308,308-7,0
natural,308,308-7,0
natural,308,308-7,0
natural,308,308-7,0
natural,308,308-7,0
natural,308,308-7,0
natural,308,308-7,0
natural,308,308-7,0
natural,308,308-7,0
natural,308,308-7,0
innoculation,310,310-1,0
innoculation,310,310-1,0
innoculation,310,310-1,0
innoculation,310,310-1,0
innoculation,310,310-1,0
innoculation,310,310-1,0
innoculation,310,310-1,0
innoculation,310,310-1,0
innoculation,310,310-1,0
innoculation,310,310-1,0
innoculation,310,310-1,0
innoculation,310,310-1,0
innoculation,310,310-1,0
innoculation,310,310-1,0
innoculation,310,310-1,0
innoculation,310,310-1,0
innoculation,310,310-1,0
innoculation,310,310-2,0
innoculation,310,310-2,1
innoculation,310,310-2,0
innoculation,310,310-2,0
innoculation,310,310-2,0
innoculation,310,310-2,1
innoculation,310,310-2,0
innoculation,310,310-2,0
innoculation,310,310-2,0
innoculation,310,310-2,1
innoculation,310,310-2,0
innoculation,310,310-2,0
innoculation,310,310-2,0
innoculation,310,310-2,1
innoculation,310,310-2,0
innoculation,310,310-2,0
innoculation,310,310-3,1
innoculation,310,310-3,1
innoculation,310,310-3,0
innoculation,310,310-3,0
innoculation,310,310-3,0
innoculation,310,310-3,0
innoculation,310,310-3,0
innoculation,310,310-3,0
innoculation,310,310-3,0
innoculation,310,310-3,0
innoculation,310,310-3,0
innoculation,310,310-3,0
innoculation,310,310-3,0
innoculation,310,310-3,0
innoculation,310,310-3,0
innoculation,310,310-3,0
innoculation,310,310-3,0
innoculation,310,310-4,0
innoculation,310,310-4,0
innoculation,310,310-4,0
innoculation,310,310-4,0
innoculation,310,310-4,0
innoculation,310,310-4,0
innoculation,310,310-4,0
innoculation,310,310-4,0
innoculation,310,310-4,0
innoculation,310,310-4,0
innoculation,310,310-4,0
innoculation,310,310-4,0
innoculation,310,310-4,0
innoculation,310,310-4,0
innoculation,310,310-4,0
innoculation,310,310-4,0
innoculation,310,310-5,0
innoculation,310,310-5,0
innoculation,310,310-5,0
innoculation,310,310-5,0
innoculation,310,310-5,0
innoculation,310,310-5,0
innoculation,310,310-5,0
innoculation,310,310-5,0
innoculation,310,310-5,0
innoculation,310,310-5,0
innoculation,310,310-5,0
innoculation,310,310-5,0
innoculation,310,310-5,0
innoculation,310,310-5,0
innoculation,310,310-5,0
innoculation,310,310-5,0
innoculation,310,310-6,0
innoculation,310,310-6,1
innoculation,310,310-6,0
innoculation,310,310-6,0
innoculation,310,310-6,0
innoculation,310,310-6,0
innoculation,310,310-6,0
innoculation,310,310-6,0
innoculation,310,310-6,0
innoculation,310,310-6,0
innoculation,310,310-6,0
innoculation,310,310-6,0
innoculation,310,310-6,0
innoculation,310,310-6,0
innoculation,310,310-6,0
innoculation,310,310-6,1
innoculation,310,310-7,0
innoculation,310,310-7,0
innoculation,310,310-7,0
innoculation,310,310-7,0
innoculation,310,310-7,0
innoculation,310,310-7,0
innoculation,310,310-7,0
innoculation,310,310-7,1
innoculation,310,310-7,0
innoculation,310,310-7,0
innoculation,310,310-7,0
innoculation,310,310-7,0
innoculation,310,310-7,0
innoculation,310,310-7,0
innoculation,310,310-7,0
innoculation,310,310-7,0
natural,401,401-1,0
natural,401,401-1,0
natural,401,401-1,0
natural,401,401-1,0
natural,401,401-1,0
natural,401,401-1,0
natural,401,401-1,0
natural,401,401-1,0
natural,401,401-1,0
natural,401,401-1,0
natural,401,401-1,0
natural,401,401-1,0
natural,401,401-1,0
natural,401,401-1,0
natural,401,401-1,0
natural,401,401-1,0
natural,401,401-2,0
natural,401,401-2,0
natural,401,401-2,1
natural,401,401-2,0
natural,401,401-2,0
natural,401,401-2,0
natural,401,401-2,0
natural,401,401-2,0
natural,401,401-2,0
natural,401,401-2,0
natural,401,401-2,0
natural,401,401-2,0
natural,401,401-2,0
natural,401,401-2,0
natural,401,401-2,0
natural,401,401-2,0
natural,401,401-3,0
natural,401,401-3,0
natural,401,401-3,1
natural,401,401-3,0
natural,401,401-3,0
natural,401,401-3,0
natural,401,401-3,1
natural,401,401-3,0
natural,401,401-3,0
natural,401,401-3,0
natural,401,401-3,0
natural,401,401-3,0
natural,401,401-3,0
natural,401,401-3,0
natural,401,401-3,0
natural,401,401-3,0
natural,401,401-4,0
natural,401,401-4,0
natural,401,401-4,0
natural,401,401-4,0
natural,401,401-4,0
natural,401,401-4,0
natural,401,401-4,0
natural,401,401-4,1
natural,401,401-4,0
natural,401,401-4,0
natural,401,401-4,0
natural,401,401-4,0
natural,401,401-4,0
natural,401,401-4,0
natural,401,401-4,0
natural,401,401-4,0
natural,401,401-4,0
natural,401,401-4,0
natural,401,401-5,0
natural,401,401-5,0
natural,401,401-5,0
natural,401,401-5,0
natural,401,401-5,0
natural,401,401-5,0
natural,401,401-5,0
natural,401,401-5,0
natural,401,401-5,1
natural,401,401-5,1
natural,401,401-5,1
natural,401,401-5,0
natural,401,401-5,0
natural,401,401-5,0
natural,401,401-5,1
natural,401,401-5,0
natural,401,401-6,0
natural,401,401-6,0
natural,401,401-6,0
natural,401,401-6,0
natural,401,401-6,0
natural,401,401-6,1
natural,401,401-6,0
natural,401,401-6,0
natural,401,401-6,0
natural,401,401-6,0
natural,401,401-6,0
natural,401,401-6,0
natural,401,401-6,0
natural,401,401-6,0
natural,401,401-6,1
natural,401,401-6,0
natural,401,401-7,0
natural,401,401-7,1
natural,401,401-7,0
natural,401,401-7,0
natural,401,401-7,0
natural,401,401-7,0
natural,401,401-7,0
natural,401,401-7,0
natural,401,401-7,0
natural,401,401-7,1
natural,401,401-7,0
natural,401,401-7,0
natural,401,401-7,0
natural,401,401-7,0
natural,401,401-7,0
natural,401,401-7,1
natural,401,401-7,0
natural,401,401-7,1
fungicide,408,408-1,1
fungicide,408,408-1,0
fungicide,408,408-1,0
fungicide,408,408-1,0
fungicide,408,408-1,1
fungicide,408,408-1,0
fungicide,408,408-1,0
fungicide,408,408-1,0
fungicide,408,408-1,1
fungicide,408,408-1,0
fungicide,408,408-1,0
fungicide,408,408-1,0
fungicide,408,408-1,0
fungicide,408,408-1,0
fungicide,408,408-1,0
fungicide,408,408-1,0
fungicide,408,408-2,0
fungicide,408,408-2,0
fungicide,408,408-2,1
fungicide,408,408-2,0
fungicide,408,408-2,0
fungicide,408,408-2,0
fungicide,408,408-2,0
fungicide,408,408-2,0
fungicide,408,408-2,0
fungicide,408,408-2,0
fungicide,408,408-2,0
fungicide,408,408-2,0
fungicide,408,408-2,0
fungicide,408,408-2,1
fungicide,408,408-2,0
fungicide,408,408-2,0
fungicide,408,408-3,0
fungicide,408,408-3,1
fungicide,408,408-3,0
fungicide,408,408-3,0
fungicide,408,408-3,0
fungicide,408,408-3,0
fungicide,408,408-3,0
fungicide,408,408-3,0
fungicide,408,408-3,0
fungicide,408,408-3,0
fungicide,408,408-3,0
fungicide,408,408-3,0
fungicide,408,408-3,0
fungicide,408,408-3,0
fungicide,408,408-3,0
fungicide,408,408-3,0
fungicide,408,408-4,0
fungicide,408,408-4,0
fungicide,408,408-4,0
fungicide,408,408-4,0
fungicide,408,408-4,0
fungicide,408,408-4,0
fungicide,408,408-4,0
fungicide,408,408-4,0
fungicide,408,408-4,0
fungicide,408,408-4,0
fungicide,408,408-4,0
fungicide,408,408-4,1
fungicide,408,408-4,0
fungicide,408,408-4,0
fungicide,408,408-4,0
fungicide,408,408-4,0
fungicide,408,408-5,0
fungicide,408,408-5,0
fungicide,408,408-5,0
fungicide,408,408-5,0
fungicide,408,408-5,0
fungicide,408,408-5,0
fungicide,408,408-5,0
fungicide,408,408-5,0
fungicide,408,408-5,0
fungicide,408,408-5,1
fungicide,408,408-5,0
fungicide,408,408-5,0
fungicide,408,408-5,0
fungicide,408,408-5,0
fungicide,408,408-5,0
fungicide,408,408-5,0
fungicide,408,408-6,0
fungicide,408,408-6,0
fungicide,408,408-6,0
fungicide,408,408-6,0
fungicide,408,408-6,0
fungicide,408,408-6,0
fungicide,408,408-6,0
fungicide,408,408-6,1
fungicide,408,408-6,0
fungicide,408,408-6,0
fungicide,408,408-6,0
fungicide,408,408-6,0
fungicide,408,408-6,0
fungicide,408,408-6,0
fungicide,408,408-6,0
fungicide,408,408-6,0
fungicide,408,408-7,0
fungicide,408,408-7,0
fungicide,408,408-7,0
fungicide,408,408-7,1
fungicide,408,408-7,0
fungicide,408,408-7,0
fungicide,408,408-7,0
fungicide,408,408-7,0
fungicide,408,408-7,1
fungicide,408,408-7,0
fungicide,408,408-7,0
fungicide,408,408-7,0
fungicide,408,408-7,0
fungicide,408,408-7,0
fungicide,408,408-7,0
fungicide,408,408-7,0
innoculation,409,409-1,0
innoculation,409,409-1,1
innoculation,409,409-1,0
innoculation,409,409-1,0
innoculation,409,409-1,0
innoculation,409,409-1,0
innoculation,409,409-1,0
innoculation,409,409-1,1
innoculation,409,409-1,0
innoculation,409,409-1,0
innoculation,409,409-1,0
innoculation,409,409-1,0
innoculation,409,409-1,0
innoculation,409,409-1,0
innoculation,409,409-1,0
innoculation,409,409-1,0
innoculation,409,409-2,0
innoculation,409,409-2,0
innoculation,409,409-2,0
innoculation,409,409-2,0
innoculation,409,409-2,0
innoculation,409,409-2,0
innoculation,409,409-2,0
innoculation,409,409-2,0
innoculation,409,409-2,1
innoculation,409,409-2,0
innoculation,409,409-2,0
innoculation,409,409-2,0
innoculation,409,409-2,0
innoculation,409,409-2,1
innoculation,409,409-2,1
innoculation,409,409-2,0
innoculation,409,409-3,0
innoculation,409,409-3,0
innoculation,409,409-3,0
innoculation,409,409-3,0
innoculation,409,409-3,0
innoculation,409,409-3,0
innoculation,409,409-3,0
innoculation,409,409-3,0
innoculation,409,409-3,0
innoculation,409,409-3,0
innoculation,409,409-3,0
innoculation,409,409-3,0
innoculation,409,409-3,1
innoculation,409,409-3,0
innoculation,409,409-3,0
innoculation,409,409-3,0
innoculation,409,409-4,0
innoculation,409,409-4,0
innoculation,409,409-4,0
innoculation,409,409-4,0
innoculation,409,409-4,0
innoculation,409,409-4,0
innoculation,409,409-4,0
innoculation,409,409-4,0
innoculation,409,409-4,0
innoculation,409,409-4,1
innoculation,409,409-4,0
innoculation,409,409-4,0
innoculation,409,409-4,0
innoculation,409,409-4,0
innoculation,409,409-4,0
innoculation,409,409-4,0
innoculation,409,409-5,0
innoculation,409,409-5,0
innoculation,409,409-5,0
innoculation,409,409-5,0
innoculation,409,409-5,1
innoculation,409,409-5,0
innoculation,409,409-5,0
innoculation,409,409-5,0
innoculation,409,409-5,0
innoculation,409,409-5,0
innoculation,409,409-5,0
innoculation,409,409-5,0
innoculation,409,409-5,0
innoculation,409,409-5,0
innoculation,409,409-5,0
innoculation,409,409-5,1
innoculation,409,409-6,0
innoculation,409,409-6,0
innoculation,409,409-6,0
innoculation,409,409-6,0
innoculation,409,409-6,0
innoculation,409,409-6,0
innoculation,409,409-6,0
innoculation,409,409-6,0
innoculation,409,409-6,0
innoculation,409,409-6,0
innoculation,409,409-6,0
innoculation,409,409-6,0
innoculation,409,409-6,0
innoculation,409,409-6,0
innoculation,409,409-6,0
innoculation,409,409-6,0
innoculation,409,409-7,0
innoculation,409,409-7,0
innoculation,409,409-7,0
innoculation,409,409-7,0
innoculation,409,409-7,0
innoculation,409,409-7,0
innoculation,409,409-7,0
innoculation,409,409-7,0
innoculation,409,409-7,0
innoculation,409,409-7,0
innoculation,409,409-7,0
innoculation,409,409-7,0
innoculation,409,409-7,0
innoculation,409,409-7,0
innoculation,409,409-7,1
innoculation,409,409-7,0
